{
  "mean": [
    720.4946761899533,
    7.957058597490683,
    54.48867351025827,
    58.87846830416776,
    59.84329557768981,
    140.86913328738407,
    67.3921573172145,
    44.66251252930281,
    30.610554908335317,
    86.2973977680051,
    0.003126959410435564
  ],
  "scale": [
    496.7431119499824,
    0.4046817182698591,
    72.94504733962303,
    61.348985286849384,
    62.60609900028217,
    114.58449324914776,
    68.54473674991848,
    66.87125939017743,
    64.73280503523648,
    106.6182418430136,
    0.06158751829937088
  ]
}